ID,Name,Age,Department,Salary,Salary_in_K
1,Abhishek,25.0,IT,40000.0,40.0
2,Rahul,30.0,HR,35000.0,35.0
3,Priya,28.0,IT,42000.0,42.0
4,Anita,31.166666666666668,Finance,50000.0,50.0
5,Rohan,35.0,HR,45333.333333333336,45.333333333333336
6,Neha,29.0,IT,45000.0,45.0
7,Amit,40.0,Finance,60000.0,60.0
